{
    "RMSE": 2974.939431781144,
    "R²": 0.7969087217719955,
    "test_size": 3844,
    "train_size": 15374
}